911331230,ucNkyS
987855126,kMMwtM
969565987,QmxutR
900542738,ovnmKw
949824874,mPoTeg
937862612,CHmZEC
922357877,GqWKvi
948521033,DpPKey
967505921,RgUEvb
987545325,uDPthY
966780305,PvSnAx
977544317,bvFvRt
980826632,WxMkKb
918093249,QNhoDH
965294832,jaDGpB
935424257,Dakgje
951823990,kVAJBU
977119572,nSVKtj
958813417,pkNDvM
977025861,yPztyf
936300749,RhmdPg
978049077,DpzrMH
976799494,kdiXqz
949074447,RZzPhP
902025672,DMVQLc
943658092,izXfry
956694939,NZYsjX
963802532,swKPiX
948844063,GTwQNr
972385795,hVpkVS
942548396,bqRCtT
948628762,vDNCJD
980230912,vXoHQo
960371456,EtMnxX
956207420,fPLnTN
908735342,wqVLGr
976869725,JGUhps
910044886,wgxsdG
954866190,gtxkoL
918952926,cmkmAA
921188453,BYiUwV
946459689,wXRkse
917351386,nVqZoK
941199214,cNZpSj
929574258,DHBhZP
918196974,eLBWNG
947267310,NCExki
947170952,LygnBa
977682606,HzSDmo
907898581,jWGyGb
934586865,GmXTZQ
965221815,jBSGGE
949196456,xdUrnH
960063750,JBTFWv
968677765,bwuJos
913591684,sVHDyX
972464276,NwkXaq
913339891,WSAcAi
989944714,LbFQku
951135932,AXTDcS
906091444,TEBmHr
900271031,LwXRDq
950860391,wajoBY
910374475,dvWYYi
930848083,vcPiLE
985055517,ettGrn
905656147,bUCHkc
951088588,xKVuDQ
979974208,yMQTdh
912433558,tFjKSH
900661251,pjrMcK
960606202,KGJQEi
912871992,jSKEsG
986585762,HMBoHr
913989026,hXXRhK
934856897,UBcmYf
924910521,yzPqUZ
926875372,taDLZP
954393682,Dysfcb
908663486,yqyoTT
982239182,vNQexc
908492078,FrVuRg
969943560,kEPacR
976080907,iaZFdu
906741201,nUoLHR
930318731,aTuNxh
938370628,ZUpcqE
980968464,WYGjhu
907976060,wXeHem
981380395,MgFeTA
974389266,QuyXim
921137727,AQKrmH
913325460,hqxrvZ
942275633,XfuEte
975196614,fXxQQm
931679391,achQDX
934213117,CfrriQ
950479221,Vdoecv
954197251,dEBHKe
988091108,ocZCuc
980684673,PAqHTP
923693742,PHXoCa
934057269,JyyLZP
